{
	//uview组件库
	"easycom": {
		"^u-(.*)": "@/node_modules/uview-ui/components/u-$1/u-$1.vue"
	},
	"pages": [ //pages数组中第一项表示应用启动页，参考：https://uniapp.dcloud.io/collocation/pages
		{
			// 底部首页
			"path": "pages/index/index",
			"style": {
				// 导航栏标题文字内容
				"navigationBarTitleText": "PLUS-SHAREK-HAN",
				// 是否开启下拉刷新
				"enablePullDownRefresh": false,
				"navigationStyle": "custom" // 隐藏系统导航栏
				// 单页导航栏设置,"default"默认显示 "custom"关闭状态
				// "navigationStyle": "custom", // 设置不显示原生导航栏 隐藏系统导航栏
				// "navigationBarTextStyle": "white" // 状态栏字体为白色，只能为 white-白色，black-黑色 二选一
			}
		},

		{
			"path": "pages/marketQuotations/marketQuotations",
			"style": {
				"navigationBarTitleText": "Quotes",
				"enablePullDownRefresh": true,
				"navigationStyle": "custom" // 隐藏系统导航栏
			}

		}, {
			"path": "pages/position/position",
			"style": {
				"navigationBarTitleText": "Location",
				"enablePullDownRefresh": true,
				"navigationStyle": "custom" // 隐藏系统导航栏
			}

		}, {
			"path": "pages/free/free",
			"style": {
				"navigationBarTitleText": "Optional",
				"enablePullDownRefresh": true,
				"navigationStyle": "custom" // 隐藏系统导航栏
			}

		}, {
			"path": "pages/my/my",
			"style": {
				"navigationBarTitleText": "Mine",
				"enablePullDownRefresh": true,
				"navigationStyle": "custom" // 隐藏系统导航栏
			}

		}, {
			"path": "pages/marketQuotations/productDetails",
			"style": {
				"navigationBarTitleText": "Product Details",
				"enablePullDownRefresh": false,
				"navigationStyle": "custom" // 隐藏系统导航栏
			}

		}, {
			"path": "pages/logon/logon/logon",
			"style": {
				"navigationBarTitleText": "Log in",
				"enablePullDownRefresh": false,
				"navigationStyle": "custom" // 隐藏系统导航栏
			}

		}, {
			"path": "pages/logon/register/register",
			"style": {
				"navigationBarTitleText": "It is registered",
				"enablePullDownRefresh": false,
				"navigationStyle": "custom" // 隐藏系统导航栏
			}

		}, {
			"path": "pages/searchFor/searchFor",
			"style": {
				"navigationBarTitleText": "Find",
				"enablePullDownRefresh": false,
				"navigationStyle": "custom" // 隐藏系统导航栏
			}

		}, 
		{
			"path": "pages/index/components/customer/customer",
			"style": {
				"navigationBarTitleText": "Customer Inquiry",
				"enablePullDownRefresh": false,
				// "navigationStyle": "custom" // 隐藏系统导航栏
				"app-plus": {
					"navigationBarBackgroundColor": "#007AFF",
					"navigationBarTextStyle": "white" //状态栏字体颜色
				}
			}

		},
		{
			"path": "pages/index/components/customer/customerzd",
			"style": {
				"navigationBarTitleText": "Customer Inquiry",
				"enablePullDownRefresh": false,
				// "navigationStyle": "custom" // 隐藏系统导航栏
				"app-plus": {
					"navigationBarBackgroundColor": "#007AFF",
					"navigationBarTextStyle": "white" //状态栏字体颜色
				}
			}
		
		},
		
		{
			"path": "pages/index/components/fund/fund",
			"style": {
				"navigationBarTitleText": "Accumulation",
				"enablePullDownRefresh": false,
				"navigationStyle": "custom" // 隐藏系统导航栏
			}

		},
		
		{
			"path": "pages/index/components/newShares/newShares",
			"style": {
				"navigationBarTitleText": "New stock",
				"enablePullDownRefresh": false,
				"navigationStyle": "custom" // 隐藏系统导航栏
			}

		},
		{
			"path": "pages/index/components/newShares/applyPurchase/applyPurchase",
			"style": {
				"navigationBarTitleText": "Subscription record",
				"enablePullDownRefresh": false,
				"navigationStyle": "custom" // 隐藏系统导航栏
			}

		},
		{
			"path": "pages/index/components/newShares/profitrecord/profitrecord",
			"style": {
				"navigationBarTitleText": "Winning record",
				"enablePullDownRefresh": false,
				"navigationStyle": "custom" // 隐藏系统导航栏
			}

		},
		{
			"path": "pages/index/news",
			"style": {
				"navigationBarTitleText": "Winning record",
				"enablePullDownRefresh": false,
				"navigationStyle": "custom" // 隐藏系统导航栏
			}
		
		},
		{
			"path": "pages/index/newsContent",
			"style": {
				"navigationBarTitleText": "Winning record",
				"enablePullDownRefresh": false,
				"navigationStyle": "custom" // 隐藏系统导航栏
			}
		
		},
		{
			"path": "pages/index/bigzong",
			"style": {
				"navigationBarTitleText": "Winning record",
				"enablePullDownRefresh": false,
				"navigationStyle": "custom" // 隐藏系统导航栏
			}
		
		},
		{
			"path": "pages/index/rinei",
			"style": {
				"navigationBarTitleText": "Winning record",
				"enablePullDownRefresh": false,
				"navigationStyle": "custom" // 隐藏系统导航栏
			}
		
		},
		{
			"path": "pages/index/peizi",
			"style": {
				"enablePullDownRefresh": false,
				"navigationStyle": "custom" // 隐藏系统导航栏
			}
		
		},{
			"path": "pages/index/repayment",
			"style": {
				"navigationBarTitleText": "Repayment",
				"enablePullDownRefresh": false,
				"navigationStyle": "custom" // 隐藏系统导航栏
			}
		
		},
		{
			"path": "pages/index/components/newShares/ration/ration",
			"style": {
				"navigationBarTitleText": "Record keeping",
				"enablePullDownRefresh": false,
				"navigationStyle": "custom" // 隐藏系统导航栏
			}

		},
		{
			"path": "pages/index/components/newShares/ration/luckyNumber",
			"style": {
				"navigationBarTitleText": "Winning record",
				"enablePullDownRefresh": false,
				"navigationStyle": "custom" // 隐藏系统导航栏
			}

		},
		{
			"path": "pages/index/components/newShares/nullElement/nullElement",
			"style": {
				"navigationBarTitleText": "IPO Details",
				"enablePullDownRefresh": false,
				"navigationStyle": "custom" // 隐藏系统导航栏
			}

		},
		{
			"path": "pages/index/components/newShares/offlinePlacement/offlinePlacement",
			"style": {
				"navigationBarTitleText": "Allotment of new shares",
				"enablePullDownRefresh": false,
				"navigationStyle": "custom" // 隐藏系统导航栏
			}

		},
		{
			"path": "pages/index/components/secondRow/dragonTiger/dragonTiger",
			"style": {
				"navigationBarTitleText": "Dragon and tiger list",
				"enablePullDownRefresh": false,
				"navigationStyle": "custom" // 隐藏系统导航栏
			}

		},
		{
			"path": "pages/index/components/secondRow/stopResumeTrading/stopResumeTrading",
			"style": {
				"navigationBarTitleText": "Daily trading suspension and resumption",
				"enablePullDownRefresh": false,
				"navigationStyle": "custom" // 隐藏系统导航栏
			}

		},
		{
			"path": "pages/index/components/secondRow/tradingShares/tradingShares",
			"style": {
				"navigationBarTitleText": "Top 10 Trading Stocks",
				"enablePullDownRefresh": false,
				"navigationStyle": "custom" // 隐藏系统导航栏
			}

		},
		{
			"path": "pages/index/components/secondRow/dailyLimit/dailyLimit",
			"style": {
				"navigationBarTitleText": "Daily limit",
				"enablePullDownRefresh": false,
				"navigationStyle": "custom" // 隐藏系统导航栏
			}

		},
		{
			"path": "pages/index/components/secondRow/transactionRules/transactionRules",
			"style": {
				"navigationBarTitleText": "Trading rules",
				"enablePullDownRefresh": false,
				"navigationStyle": "custom" // 隐藏系统导航栏
			}

		},
		{
			"path": "pages/index/components/newsDetail",
			"style": {
				"navigationBarTitleText": "News Details",
				"enablePullDownRefresh": false,
				"navigationStyle": "custom" // 隐藏系统导航栏
			}
		},
		{
			"path": "pages/marketQuotations/purchase",
			"style": {
				"navigationBarTitleText": "Buy",
				"enablePullDownRefresh": false,
				"navigationStyle": "custom" // 隐藏系统导航栏
			}

		}

		,
		{
			"path": "pages/marketQuotations/authentication",
			"style": {
				"navigationBarTitleText": "Certification",
				"enablePullDownRefresh": false,
				"navigationStyle": "custom" // 隐藏系统导航栏
			}

		},
		{
			"path": "pages/my/components/setUp/setUp",
			"style": {
				"navigationBarTitleText": "Setting",
				"enablePullDownRefresh": false,
				"navigationStyle": "custom" // 隐藏系统导航栏
			}

		},

		{
			"path": "pages/my/components/other/versionUpdate",
			"style": {
				"navigationBarTitleText": "New version update",
				"enablePullDownRefresh": false,
				"navigationStyle": "custom" // 隐藏系统导航栏
			}

		},
		{
			"path": "pages/my/components/other/userAgreement",
			"style": {
				"navigationBarTitleText": "User Agreement",
				"enablePullDownRefresh": false,
				"navigationStyle": "custom" // 隐藏系统导航栏
			}

		},
		{
			"path": "pages/my/components/other/privacyAgreement",
			"style": {
				"navigationBarTitleText": "Privacy Agreement",
				"enablePullDownRefresh": false,
				"navigationStyle": "custom" // 隐藏系统导航栏
			}

		},
		{
			"path": "pages/my/components/other/aboutUs",
			"style": {
				"navigationBarTitleText": "About Us",
				"enablePullDownRefresh": false,
				"navigationStyle": "custom" // 隐藏系统导航栏
			}

		},
		{
			"path": "pages/my/components/bankCard/binding",
			"style": {
				"navigationBarTitleText": "Bank card binding",
				"enablePullDownRefresh": false,
				"navigationStyle": "custom" // 隐藏系统导航栏
			}

		},
		{
			"path": "pages/my/components/bankCard/bangka",
			"style": {
				"navigationBarTitleText": "Bank card binding",
				"enablePullDownRefresh": false,
				"navigationStyle": "custom" // 隐藏系统导航栏
			}
		
		},
		{
			"path": "pages/my/components/bankCard/renewal",
			"style": {
				"navigationBarTitleText": "Change bank card",
				"enablePullDownRefresh": false,
				"navigationStyle": "custom" // 隐藏系统导航栏
			}

		},
		{
			"path": "pages/my/components/commonFunctions/changePassword",
			"style": {
				"navigationBarTitleText": "Change login password",
				"enablePullDownRefresh": false,
				"navigationStyle": "custom" // 隐藏系统导航栏
			}

		},
		{
			"path": "pages/my/components/commonFunctions/fundPassword",
			"style": {
				"navigationBarTitleText": "Fund password",
				"enablePullDownRefresh": false,
				"navigationStyle": "custom" // 隐藏系统导航栏
			}

		},
		{
			"path": "pages/my/components/commonFunctions/capitalDetails",
			"style": {
				"navigationBarTitleText": "Fund Details",
				"enablePullDownRefresh": false,
				"navigationStyle": "custom" // 隐藏系统导航栏
			}

		},
		{
			"path": "pages/my/components/certificateBank/silver",
			"style": {
				"navigationBarTitleText": "Bank transfer certificate",
				"enablePullDownRefresh": false,
				"navigationStyle": "custom" // 隐藏系统导航栏
			}

		},
		{
			"path": "pages/my/components/certificateBank/usdt",
			"style": {
				"navigationBarTitleText": "USDT",
				"enablePullDownRefresh": false,
				"navigationStyle": "custom" // 隐藏系统导航栏
			}
		
		},
		{
			"path": "pages/my/components/certificateBank/prove",
			"style": {
				"navigationBarTitleText": "Transfer from certificate to bank",
				"enablePullDownRefresh": false,
				"navigationStyle": "custom" // 隐藏系统导航栏
			}

		}

		,
		{
			"path": "pages/my/components/setUp/modifyAvatar",
			"style": {
				"navigationBarTitleText": "Edit your avatar",
				"enablePullDownRefresh": false,
				"navigationStyle": "custom" // 隐藏系统导航栏
			}

		},
		{
			"path": "pages/index/components/newShares/blockTransactions/blockTransactions",
			"style": {
				"navigationBarTitleText": "Shareholders reduce their stake",
				"enablePullDownRefresh": false,
				"navigationStyle": "custom" // 隐藏系统导航栏
			}

		},
		{
			"path": "pages/index/components/newShares/placeOrder/placeOrder",
			"style": {
				"navigationBarTitleText": "Order",
				"enablePullDownRefresh": false,
				"navigationStyle": "custom" // 隐藏系统导航栏
			}

		},
		{
			"path": "pages/logon/forgot/forgot",
			"style": {
				"navigationBarTitleText": "I forgot my password",
				"enablePullDownRefresh": false,
				"navigationStyle": "custom" // 隐藏系统导航栏
			}

		}, {
			"path": "pages/my/components/certificateBank/silver-b",
			"style": {
				"navigationBarTitleText": "Bank transfer certificate",
				"enablePullDownRefresh": false,
				"navigationStyle": "custom" // 隐藏系统导航栏
			}

		}
	
	    
    ],
	"globalStyle": {
		"navigationBarTextStyle": "black",
		"navigationBarTitleText": "",
		"navigationBarBackgroundColor": "#F8F8F8",
		"backgroundColor": "#F8F8F8"
	},
	"uniIdRouter": {},
	"tabBar": {
		"borderStyle": "black",
		"selectedColor": "rgb(235, 51, 59)",
		"color": "rgb(97, 103, 114)",
		"fontSize": "12px",

		"list": [{
				"pagePath": "pages/index/index",
				"text": "Home",
				"iconPath": "static/botton/home.png",
				"selectedIconPath": "static/botton/home1.png"
			},
			
			{
				"pagePath": "pages/marketQuotations/marketQuotations",
				"text": "Market",
				"iconPath": "static/botton/market.png",
				"selectedIconPath": "static/botton/market1.png"
			},
			{
				"pagePath": "pages/index/news",
				"text": "News",
				"iconPath": "static/botton/news.png",
				"selectedIconPath": "static/botton/news1.png"
			},
			{
				"pagePath": "pages/position/position",
				"text": "Portfolio",
				"iconPath": "static/botton/jy.png",
				"selectedIconPath": "static/botton/jy1.png"
			},

			{
				"pagePath": "pages/my/my",
				"text": "Profile",
				"iconPath": "static/botton/my.png",
				"selectedIconPath": "static/botton/my1.png"
			}
		]
	},
	"condition": {
		//模式配置，仅开发期间生效
		"current": 0, //当前激活的模式(list 的索引项)
		"list": [{
			"name": "", //模式이름
			"path": "", //启动页面，必选
			"query": "" //启动参数，在页面的onLoad函数里面得到
		}]
	}
}