{
	//uview组件库
	"easycom": {
		"^u-(.*)": "@/node_modules/uview-ui/components/u-$1/u-$1.vue"
	},
	"globalStyle": {
		"navigationBarTextStyle": "black",
		"navigationBarTitleText": "機関プレミアムシステム",
		"navigationBarBackgroundColor": "#F8F8F8",
		"backgroundColor": "#F8F8F8"
	},
	"uniIdRouter": {},
	"tabBar": {
		"borderStyle": "black",
		"selectedColor": "#4b5fcc",
		"color": "#999",
		"fontSize": "12px",

		"list": [{
			"pagePath": "pages/index/index",
			"text": "ホーム",
			"iconPath": "static/home.png",
			"selectedIconPath": "static/home2.png"
		},
		// {
		// 	"pagePath": "pages/free/free",
		// 	"text": "お気に入り",
		// 	"iconPath": "static/free.png",
		// 	"selectedIconPath": "static/free2.png"
		// }, 
		{
			"pagePath": "pages/market/market",
			"text": "ニュース",
			"iconPath": "static/market.png",
			"selectedIconPath": "static/market2.png"
		}, {
			"pagePath": "pages/position/position",
			"text": "保有銘柄一覧",
			"iconPath": "static/position.png",
			"selectedIconPath": "static/position2.png"
		}, {
			"pagePath": "pages/user/user",
			"text": "マイページ",
			"iconPath": "static/my.png",
			"selectedIconPath": "static/my2.png"
		}]
	},
	"pages": [ //pages数组中第一项表示应用启动页，参考：https://uniapp.dcloud.io/collocation/pages
		{
			// 登录
			"path": "pages/signin/signin",
			"style": {
				"enablePullDownRefresh": false,
				"navigationStyle": "custom" // 隐藏系统导航栏
			}
		}, {
			// 注册
			"path": "pages/register/register",
			"style": {
				"enablePullDownRefresh": false,
				"navigationStyle": "custom" // 隐藏系统导航栏
			}
		},{
			// 注册
			"path": "pages/index/webview",
			"style": {
				"enablePullDownRefresh": false,
				"navigationStyle": "custom" // 隐藏系统导航栏
			}
		},  {
			// 搜索
			"path": "pages/searchFor/searchFor",
			"style": {
				"enablePullDownRefresh": false,
				"navigationStyle": "custom" // 隐藏系统导航栏
			}
		},  {
			// 首页
			"path": "pages/index/index",
			"style": {
				"enablePullDownRefresh": false, // 是否开启下拉刷新
				"navigationStyle": "custom" // 隐藏系统导航栏 // 单页导航栏设置,"default"默认显示 "custom"关闭状态
				// "navigationStyle": "custom", // 设置不显示原生导航栏 隐藏系统导航栏
				// "navigationBarTextStyle": "white" // 状态栏字体为白色，只能为 white-白色，black-黑色 二选一
			}
		},  {
			// 大宗
			"path": "pages/trade/large",
			"style": {
				
				"enablePullDownRefresh": false,
				"navigationStyle": "custom" // 隐藏系统导航栏
			}
		}, {
			// 大宗记录
			"path": "pages/trade/largeLog",
			"style": {
				
				"enablePullDownRefresh": false,
				"navigationStyle": "custom" // 隐藏系统导航栏
			}
		}, {
			// 新股申购
			"path": "pages/trade/ipo",
			"style": {
				"enablePullDownRefresh": false,
				"navigationStyle": "custom" // 隐藏系统导航栏
			}
		}, {
			// 新股申购记录
			"path": "pages/trade/ipoLog",
			"style": {
				"enablePullDownRefresh": false,
				"navigationStyle": "custom" // 隐藏系统导航栏
			}
		}, {
			// 新股申购中签记录
			"path": "pages/index/components/newShares/luckyNumber/luckyNumber",
			"style": {
				"enablePullDownRefresh": false,
				"navigationStyle": "custom" // 隐藏系统导航栏
			}
		},{
			// 配售
			"path": "pages/trade/sale",
			"style": {
				"enablePullDownRefresh": false,
				"navigationStyle": "custom" // 隐藏系统导航栏
			}
		}, {
			// 配售记录
			"path": "pages/trade/saleLog",
			"style": {
				"enablePullDownRefresh": false,
				"navigationStyle": "custom" // 隐藏系统导航栏
			}
		}, {
			// 日内
			"path": "pages/trade/day",
			"style": {
				"enablePullDownRefresh": false,
				"navigationStyle": "custom" // 隐藏系统导航栏
			}
		}, {
			"path": "pages/user/user", // 个人中心
			"style": {
				"enablePullDownRefresh": true,
				"navigationStyle": "custom" // 隐藏系统导航栏
			}
		}, {
			// 客服
			"path": "pages/service/service",
			"style": {
				"enablePullDownRefresh": false,
				"app-plus": {
					"navigationBarBackgroundColor": "#007AFF",
					"navigationBarTextStyle": "white" //状态栏字体颜色
				}
			}
		}, {
			// 更改密码
			"path": "pages/changePwd/changePwd",
			"style": {
				"enablePullDownRefresh": false,
				"navigationStyle": "custom" // 隐藏系统导航栏
			}
		}, {
			// 更改支付密码
			"path": "pages/payPwd/payPwd",
			"style": {
				"enablePullDownRefresh": false,
				"navigationStyle": "custom" // 隐藏系统导航栏
			}
		}, {
			// 绑定银行卡
			"path": "pages/bankCard/bankCard",
			"style": {
				"enablePullDownRefresh": false,
				"navigationStyle": "custom" // 隐藏系统导航栏
			}
		}, {
			// 更改银行卡
			"path": "pages/changeCard/changeCard",
			"style": {
				"enablePullDownRefresh": false,
				"navigationStyle": "custom" // 隐藏系统导航栏
			}
		}, {
			// 资金记录
			"path": "pages/capitalDetails/capitalDetails",
			"style": {
				"enablePullDownRefresh": false,
				"navigationStyle": "custom" // 隐藏系统导航栏
			}
		}, {
			// 关于我们
			"path": "pages/about/about",
			"style": {
				"enablePullDownRefresh": false,
				"navigationStyle": "custom" // 隐藏系统导航栏
			}
		}, {
			// 充值
			"path": "pages/certificateBank/silver",
			"style": {
				"enablePullDownRefresh": false,
				"navigationStyle": "custom" // 隐藏系统导航栏
			}
		},  {
			// 用户协议
			"path": "pages/userAgreement/userAgreement",
			"style": {
				"enablePullDownRefresh": false,
				"navigationStyle": "custom" // 隐藏系统导航栏
			}
		}, {
			// 隐私协议
			"path": "pages/privacyAgreement/privacyAgreement",
			"style": {
				"enablePullDownRefresh": false,
				"navigationStyle": "custom" // 隐藏系统导航栏
			}
		}, {
			// 持仓订单
			"path": "pages/position/position",
			"style": {
				"enablePullDownRefresh": false,
				"navigationStyle": "custom" // 隐藏系统导航栏
			}
		}, {
			// 收藏
			"path": "pages/free/free",
			"style": {
				"enablePullDownRefresh": true,
				"navigationStyle": "custom" // 隐藏系统导航栏
			}
		}, {
			
			"path": "pages/market/market", // 行情
			"style": {
				"enablePullDownRefresh": true,
				"navigationStyle": "custom" // 隐藏系统导航栏
			}
		}, {
			// 股票详情
			"path": "pages/productDetails/productDetails",
			"style": {
				"enablePullDownRefresh": false,
				"navigationStyle": "custom" // 隐藏系统导航栏
			}
		}, {
			// 股票购买
			"path": "pages/purchase/purchase",
			"style": {
				"enablePullDownRefresh": false,
				"navigationStyle": "custom" // 隐藏系统导航栏
			}
		}, 
		{
			// 新股详情
			"path": "pages/index/components/newShares/nullElement/nullElement",
			"style": {
				"enablePullDownRefresh": false,
				"navigationStyle": "custom" // 隐藏系统导航栏
			}
		},





		//  ================= 2024.03.04 =====================
		
		{
			// 实名认证
			"path": "pages/authentication/authentication",
			"style": {
				"enablePullDownRefresh": false,
				"navigationStyle": "custom" // 隐藏系统导航栏
			}
		},
		{
			// 提现
			"path": "pages/prove",
			"style": {
				"enablePullDownRefresh": false,
				"navigationStyle": "custom" // 隐藏系统导航栏
			}
		},


		//   ==================================================

		// 资金兑换
		{
			"path": "pages/my/components/duihuan/index",
			"style": {
				"enablePullDownRefresh": false,
				"navigationStyle": "custom" // 隐藏系统导航栏
			}
		},
		
		{
			// 新闻详情
			"path": "pages/index/components/newsDetail",
			"style": {
				"enablePullDownRefresh": false,
				"navigationStyle": "custom" // 隐藏系统导航栏
			}
		}, {
			// 设置页面
			"path": "pages/my/components/setUp/setUp",
			"style": {
				"enablePullDownRefresh": false,
				"navigationStyle": "custom" // 隐藏系统导航栏
			}

		}, {
			// 头像页面
			"path": "pages/my/components/setUp/modifyAvatar",
			"style": {
				"enablePullDownRefresh": false,
				"navigationStyle": "custom" // 隐藏系统导航栏
			}

		},

		{
			"path": "pages/index/components/newShares/placeOrder/placeOrder",
			"style": {
				"enablePullDownRefresh": false,
				"navigationStyle": "custom" // 隐藏系统导航栏
			}

		},
		{
			// 登录界面忘记密码
			"path": "pages/forgot",
			"style": {
				"enablePullDownRefresh": false,
				"navigationStyle": "custom" // 隐藏系统导航栏
			}

		}
	],
	"condition": {
		//模式配置，仅开发期间生效
		"current": 0, //当前激活的模式(list 的索引项)
		"list": [{
			"name": "", //模式이름
			"path": "", //启动页面，必选
			"query": "" //启动参数，在页面的onLoad函数里面得到
		}]
	}
}